HHNUT 0.2500-20-D-N,1/4-20 HEAVY HEX NUT
HHNUT 0.2500-28-D-N,1/4-28 HEAVY HEX NUT
HHNUT 0.3125-18-D-N,5/16-18 HEAVY HEX NUT
HHNUT 0.3125-24-D-N,5/16-24 HEAVY HEX NUT
HHNUT 0.3750-16-D-N,3/8-16 HEAVY HEX NUT
HHNUT 0.3750-24-D-N,3/8-24 HEAVY HEX NUT
HHNUT 0.4375-14-D-N,7/16-14 HEAVY HEX NUT
HHNUT 0.4375-20-D-N,7/16-20 HEAVY HEX NUT
HHNUT 0.5000-13-D-N,1/2-13 HEAVY HEX NUT
HHNUT 0.5000-20-D-N,1/2-20 HEAVY HEX NUT
HHNUT 0.5625-12-D-N,9/16-12 HEAVY HEX NUT
HHNUT 0.5625-18-D-N,9/16-18 HEAVY HEX NUT
HHNUT 0.6250-11-D-N,5/8-11 HEAVY HEX NUT
HHNUT 0.6250-18-D-N,5/8-18 HEAVY HEX NUT
HHNUT 0.7500-10-D-N,3/4-10 HEAVY HEX NUT
HHNUT 0.7500-16-D-N,3/4-16 HEAVY HEX NUT
HHNUT 0.8750-9-D-N,7/8-9 HEAVY HEX NUT
HHNUT 0.8750-14-D-N,7/8-14 HEAVY HEX NUT
HHNUT 1.0000-8-D-N,1-8 HEAVY HEX NUT
HHNUT 1.0000-12-D-N,1-12 HEAVY HEX NUT
HHNUT 1.1250-7-D-N,1-1/8-7 HEAVY HEX NUT
HHNUT 1.1250-12-D-N,1-1/8-12 HEAVY HEX NUT
HHNUT 1.2500-7-D-N,1-1/4-7 HEAVY HEX NUT
HHNUT 1.2500-12-D-N,1-1/4-12 HEAVY HEX NUT
HHNUT 1.3750-6-D-N,1-3/8-6 HEAVY HEX NUT
HHNUT 1.3750-12-D-N,1-3/8-12 HEAVY HEX NUT
HHNUT 1.5000-6-D-N,1-1/2-6 HEAVY HEX NUT
HHNUT 1.5000-12-D-N,1-1/2-12 HEAVY HEX NUT
HHNUT 1.6250-8-D-N,1-5/8-8 HEAVY HEX NUT
HHNUT 1.6250-12-D-N,1-5/8-12 HEAVY HEX NUT
HHNUT 1.7500-5-D-N,1-3/4-5 HEAVY HEX NUT
HHNUT 1.7500-12-D-N,1-3/4-12 HEAVY HEX NUT
HHNUT 1.8750-8-D-N,1-7/8-8 HEAVY HEX NUT
HHNUT 1.8750-12-D-N,1-7/8-12 HEAVY HEX NUT
HHNUT 2.0000-4.5-D-N,2-4.5 HEAVY HEX NUT
HHNUT 2.0000-12-D-N,2-12 HEAVY HEX NUT
HHNUT 2.2500-4.5-D-N,2-1/4-4.5 HEAVY HEX NUT
HHNUT 2.2500-12-D-N,2-1/4-12 HEAVY HEX NUT
HHNUT 2.5000-4-D-N,2-1/2-4 HEAVY HEX NUT
HHNUT 2.5000-12-D-N,2-1/2-12 HEAVY HEX NUT
HHNUT 2.7500-4-D-N,2-3/4-4 HEAVY HEX NUT
HHNUT 2.7500-12-D-N,2-3/4-12 HEAVY HEX NUT
HHNUT 3.0000-4-D-N,3-4 HEAVY HEX NUT
HHNUT 3.0000-12-D-N,3-12 HEAVY HEX NUT
HHNUT 3.2500-4-D-N,3-1/4-4 HEAVY HEX NUT
HHNUT 3.2500-12-D-N,3-1/4-12 HEAVY HEX NUT
HHNUT 3.5000-4-D-N,3-1/2-4 HEAVY HEX NUT
HHNUT 3.5000-12-D-N,3-1/2-12 HEAVY HEX NUT
HHNUT 3.7500-4-D-N,3-3/4-4 HEAVY HEX NUT
HHNUT 3.7500-12-D-N,3-3/4-12 HEAVY HEX NUT
HHNUT 4.0000-4-D-N,4-4 HEAVY HEX NUT
HHNUT 4.0000-12-D-N,4-12 HEAVY HEX NUT
HHNUT 0.2500-20-D-C,1/4-20 HEAVY HEX NUT
HHNUT 0.2500-28-D-C,1/4-28 HEAVY HEX NUT
HHNUT 0.3125-18-D-C,5/16-18 HEAVY HEX NUT
HHNUT 0.3125-24-D-C,5/16-24 HEAVY HEX NUT
HHNUT 0.3750-16-D-C,3/8-16 HEAVY HEX NUT
HHNUT 0.3750-24-D-C,3/8-24 HEAVY HEX NUT
HHNUT 0.4375-14-D-C,7/16-14 HEAVY HEX NUT
HHNUT 0.4375-20-D-C,7/16-20 HEAVY HEX NUT
HHNUT 0.5000-13-D-C,1/2-13 HEAVY HEX NUT
HHNUT 0.5000-20-D-C,1/2-20 HEAVY HEX NUT
HHNUT 0.5625-12-D-C,9/16-12 HEAVY HEX NUT
HHNUT 0.5625-18-D-C,9/16-18 HEAVY HEX NUT
HHNUT 0.6250-11-D-C,5/8-11 HEAVY HEX NUT
HHNUT 0.6250-18-D-C,5/8-18 HEAVY HEX NUT
HHNUT 0.7500-10-D-C,3/4-10 HEAVY HEX NUT
HHNUT 0.7500-16-D-C,3/4-16 HEAVY HEX NUT
HHNUT 0.8750-9-D-C,7/8-9 HEAVY HEX NUT
HHNUT 0.8750-14-D-C,7/8-14 HEAVY HEX NUT
HHNUT 1.0000-8-D-C,1-8 HEAVY HEX NUT
HHNUT 1.0000-12-D-C,1-12 HEAVY HEX NUT
HHNUT 1.1250-7-D-C,1-1/8-7 HEAVY HEX NUT
HHNUT 1.1250-12-D-C,1-1/8-12 HEAVY HEX NUT
HHNUT 1.2500-7-D-C,1-1/4-7 HEAVY HEX NUT
HHNUT 1.2500-12-D-C,1-1/4-12 HEAVY HEX NUT
HHNUT 1.3750-6-D-C,1-3/8-6 HEAVY HEX NUT
HHNUT 1.3750-12-D-C,1-3/8-12 HEAVY HEX NUT
HHNUT 1.5000-6-D-C,1-1/2-6 HEAVY HEX NUT
HHNUT 1.5000-12-D-C,1-1/2-12 HEAVY HEX NUT
HHNUT 1.6250-8-D-C,1-5/8-8 HEAVY HEX NUT
HHNUT 1.6250-12-D-C,1-5/8-12 HEAVY HEX NUT
HHNUT 1.7500-5-D-C,1-3/4-5 HEAVY HEX NUT
HHNUT 1.7500-12-D-C,1-3/4-12 HEAVY HEX NUT
HHNUT 1.8750-8-D-C,1-7/8-8 HEAVY HEX NUT
HHNUT 1.8750-12-D-C,1-7/8-12 HEAVY HEX NUT
HHNUT 2.0000-4.5-D-C,2-4.5 HEAVY HEX NUT
HHNUT 2.0000-12-D-C,2-12 HEAVY HEX NUT
HHNUT 2.2500-4.5-D-C,2-1/4-4.5 HEAVY HEX NUT
HHNUT 2.2500-12-D-C,2-1/4-12 HEAVY HEX NUT
HHNUT 2.5000-4-D-C,2-1/2-4 HEAVY HEX NUT
HHNUT 2.5000-12-D-C,2-1/2-12 HEAVY HEX NUT
HHNUT 2.7500-4-D-C,2-3/4-4 HEAVY HEX NUT
HHNUT 2.7500-12-D-C,2-3/4-12 HEAVY HEX NUT
HHNUT 3.0000-4-D-C,3-4 HEAVY HEX NUT
HHNUT 3.0000-12-D-C,3-12 HEAVY HEX NUT
HHNUT 3.2500-4-D-C,3-1/4-4 HEAVY HEX NUT
HHNUT 3.2500-12-D-C,3-1/4-12 HEAVY HEX NUT
HHNUT 3.5000-4-D-C,3-1/2-4 HEAVY HEX NUT
HHNUT 3.5000-12-D-C,3-1/2-12 HEAVY HEX NUT
HHNUT 3.7500-4-D-C,3-3/4-4 HEAVY HEX NUT
HHNUT 3.7500-12-D-C,3-3/4-12 HEAVY HEX NUT
HHNUT 4.0000-4-D-C,4-4 HEAVY HEX NUT
HHNUT 4.0000-12-D-C,4-12 HEAVY HEX NUT
HHNUT 0.2500-20-B-N,1/4-20 HEAVY HEX NUT
HHNUT 0.2500-28-B-N,1/4-28 HEAVY HEX NUT
HHNUT 0.3125-18-B-N,5/16-18 HEAVY HEX NUT
HHNUT 0.3125-24-B-N,5/16-24 HEAVY HEX NUT
HHNUT 0.3750-16-B-N,3/8-16 HEAVY HEX NUT
HHNUT 0.3750-24-B-N,3/8-24 HEAVY HEX NUT
HHNUT 0.4375-14-B-N,7/16-14 HEAVY HEX NUT
HHNUT 0.4375-20-B-N,7/16-20 HEAVY HEX NUT
HHNUT 0.5000-13-B-N,1/2-13 HEAVY HEX NUT
HHNUT 0.5000-20-B-N,1/2-20 HEAVY HEX NUT
HHNUT 0.5625-12-B-N,9/16-12 HEAVY HEX NUT
HHNUT 0.5625-18-B-N,9/16-18 HEAVY HEX NUT
HHNUT 0.6250-11-B-N,5/8-11 HEAVY HEX NUT
HHNUT 0.6250-18-B-N,5/8-18 HEAVY HEX NUT
HHNUT 0.7500-10-B-N,3/4-10 HEAVY HEX NUT
HHNUT 0.7500-16-B-N,3/4-16 HEAVY HEX NUT
HHNUT 0.8750-9-B-N,7/8-9 HEAVY HEX NUT
HHNUT 0.8750-14-B-N,7/8-14 HEAVY HEX NUT
HHNUT 1.0000-8-B-N,1-8 HEAVY HEX NUT
HHNUT 1.0000-12-B-N,1-12 HEAVY HEX NUT
HHNUT 1.1250-7-B-N,1-1/8-7 HEAVY HEX NUT
HHNUT 1.1250-12-B-N,1-1/8-12 HEAVY HEX NUT
HHNUT 1.2500-7-B-N,1-1/4-7 HEAVY HEX NUT
HHNUT 1.2500-12-B-N,1-1/4-12 HEAVY HEX NUT
HHNUT 1.3750-6-B-N,1-3/8-6 HEAVY HEX NUT
HHNUT 1.3750-12-B-N,1-3/8-12 HEAVY HEX NUT
HHNUT 1.5000-6-B-N,1-1/2-6 HEAVY HEX NUT
HHNUT 1.5000-12-B-N,1-1/2-12 HEAVY HEX NUT
HHNUT 1.6250-8-B-N,1-5/8-8 HEAVY HEX NUT
HHNUT 1.6250-12-B-N,1-5/8-12 HEAVY HEX NUT
HHNUT 1.7500-5-B-N,1-3/4-5 HEAVY HEX NUT
HHNUT 1.7500-12-B-N,1-3/4-12 HEAVY HEX NUT
HHNUT 1.8750-8-B-N,1-7/8-8 HEAVY HEX NUT
HHNUT 1.8750-12-B-N,1-7/8-12 HEAVY HEX NUT
HHNUT 2.0000-4.5-B-N,2-4.5 HEAVY HEX NUT
HHNUT 2.0000-12-B-N,2-12 HEAVY HEX NUT
HHNUT 2.2500-4.5-B-N,2-1/4-4.5 HEAVY HEX NUT
HHNUT 2.2500-12-B-N,2-1/4-12 HEAVY HEX NUT
HHNUT 2.5000-4-B-N,2-1/2-4 HEAVY HEX NUT
HHNUT 2.5000-12-B-N,2-1/2-12 HEAVY HEX NUT
HHNUT 2.7500-4-B-N,2-3/4-4 HEAVY HEX NUT
HHNUT 2.7500-12-B-N,2-3/4-12 HEAVY HEX NUT
HHNUT 3.0000-4-B-N,3-4 HEAVY HEX NUT
HHNUT 3.0000-12-B-N,3-12 HEAVY HEX NUT
HHNUT 3.2500-4-B-N,3-1/4-4 HEAVY HEX NUT
HHNUT 3.2500-12-B-N,3-1/4-12 HEAVY HEX NUT
HHNUT 3.5000-4-B-N,3-1/2-4 HEAVY HEX NUT
HHNUT 3.5000-12-B-N,3-1/2-12 HEAVY HEX NUT
HHNUT 3.7500-4-B-N,3-3/4-4 HEAVY HEX NUT
HHNUT 3.7500-12-B-N,3-3/4-12 HEAVY HEX NUT
HHNUT 4.0000-4-B-N,4-4 HEAVY HEX NUT
HHNUT 4.0000-12-B-N,4-12 HEAVY HEX NUT
